[
  {
    "id": "course_001",
    "name": "Advanced English Communication",
    "description": "Master professional English communication skills for corporate environments. Learn advanced grammar, business vocabulary, and presentation techniques.",
    "organization": "Brighters Academy",
    "dateTime": "2024-02-15T10:00:00",
    "fee": 5000,
    "image": "https://images.unsplash.com/photo-1434030216411-0b793f4b4173?w=400",
    "applyLink": "https://forms.gle/example1",
    "createdAt": 1704067200000
  },
  {
    "id": "course_002", 
    "name": "IELTS Preparation Intensive",
    "description": "Comprehensive IELTS preparation course covering all four skills: Reading, Writing, Listening, and Speaking. Expert guidance for band 7+ scores.",
    "organization": "British Council Partner",
    "dateTime": "2024-02-20T14:00:00",
    "fee": 8000,
    "image": "https://images.unsplash.com/photo-1507003211169-0a1dd7228f2d?w=400",
    "applyLink": "https://forms.gle/example2",
    "createdAt": 1704153600000
  },
  {
    "id": "course_003",
    "name": "Public Speaking Mastery",
    "description": "Overcome stage fright and become a confident public speaker. Learn techniques used by professional speakers and corporate leaders.",
    "organization": "Toastmasters International",
    "dateTime": "2024-02-25T16:30:00", 
    "fee": 3500,
    "image": "https://images.unsplash.com/photo-1475721027785-f74eccf877e2?w=400",
    "applyLink": "https://forms.gle/example3",
    "createdAt": 1704240000000
  }
]